Bearing_I,ID_I,OD_I,T_I,C_I,da_min_I,Bearing_II,ID_II,OD_II,T_II,C_II,da_min_II,Fr_I,Fr_II,Fa_I,Fa_II,P_I,P_II,P0_I,P0_II
HR 32011 XJ,55,90,23.0,17.5,66,HR 32313 J,65,140,51.0,39.0,86,2828.4167088012246,9594.74339585649,0.0,3413.3666835204895,2828.4167088012246,9640.620720327428,2828.4167088012246,9594.74339585649
HR 33011 J,55,90,27.0,21.0,66,HR 32313 J,65,140,51.0,39.0,86,2796.529259998505,9625.998497182252,1115.4112342996186,0.0,3237.893049168678,9625.998497182252,2796.529259998505,9625.998497182252
HR 33111 J,55,95,30.0,23.0,66,HR 32313 J,65,140,51.0,39.0,86,2806.019743912527,9616.695781358103,1112.127922832272,0.0,2901.812574096646,9616.695781358103,2806.019743912527,9616.695781358103
